credit_score,debt_to_income,credit_utilization,late_payments,loan_amount,monthly_income,default
402,0.008619002591780278,0.6527461078518747,0,4690940.056444976,555156.745646443,0
735,0.019972932578028124,0.23818278104672652,0,4589059.916743123,409175.6785719197,0
570,0.5866017374045605,0.09944139275934516,2,4438470.011662283,835307.5703704206,0
406,0.4553949052479408,0.24317219099945409,1,3130912.9163313014,816524.2946628893,0
371,0.5180153489085197,0.7222669318556592,0,4043258.3739692285,615712.7099021892,0
320,0.007463140417219405,0.8556964681062857,2,354494.3151877608,379723.36568137817,0
421,0.4226866196574257,0.8302198645669916,0,1680597.3190344889,262783.01002561173,0
766,0.7180681612008608,0.3971835296184548,0,1575378.5925382096,114815.57503099802,0
514,0.44269370196743585,0.6680851365706462,2,3181870.1565435403,361348.7066516885,0
630,0.7322192063122223,0.20498429541582097,1,1786229.289618496,419040.7920356423,0
758,0.23301896439683478,0.29314773026101326,1,751048.8404019672,679064.6958530329,0
387,0.8131420044817255,0.8963358185211198,1,2986370.706313583,661578.2260545978,1
672,0.5884312404534523,0.013001923510736035,0,4073775.7641387167,79407.05824484437,0
399,0.21076309942990623,0.08550853085446808,0,1916796.2373552662,401306.7222768462,0
430,0.23672047585383293,0.20788625514602732,0,670020.8883414237,189961.0785451883,0
608,0.628030464569537,0.026532203873819715,2,991474.1045909871,165244.57826363764,0
643,0.8299395932124434,0.18143543508979731,1,1195041.6927952261,829029.1282398734,0
791,0.4156277820291552,0.5830415609696922,2,1506488.9890427357,51496.064549094954,0
713,0.2583004291275922,0.42142455059249795,1,3217547.4018264827,424991.0471431001,0
685,0.8670116069106004,0.8926717110769748,0,3008717.967843218,176521.619208853,1
491,0.6692682917508349,0.8174435617384409,1,3483438.5092195254,880536.9135216892,1
576,0.4480854872830765,0.34181735169787597,1,1818884.9028122507,561470.1081422848,0
460,0.48790019527930184,0.2594234334312925,1,4121748.282881092,239066.83001307954,0
759,0.2042564679363964,0.3796924081672669,1,1028397.4291672438,507403.01429471263,0
613,0.6268026300648439,0.5902949425148077,1,2350513.3301155884,734171.4961060847,0
321,0.35874251054288864,0.26806364082287626,1,4006684.220491737,958536.8288302395,0
552,0.9956451766743493,0.624148907849134,2,908991.6521857701,228241.54420296475,1
860,0.48018351526188785,0.4094116521912404,2,558216.9375665069,887319.9544080517,0
774,0.4858856061896132,0.5520471808519802,0,4419582.998763069,934961.0730258153,0
358,0.5658517874106719,0.4361265291353167,0,1721219.0171683875,917256.3390867455,0
810,0.9167560031187467,0.29446575954191767,3,3422511.9232960697,639060.2132932907,0
775,0.8008180998597503,0.9484533069621567,1,136489.53527705302,633522.4478903606,0
489,0.4511300697978414,0.7636057941597608,0,3453333.9731631535,409178.52685198456,0
862,0.718699265972796,0.14011317576645255,1,1587345.5446193828,754873.90348075,0
866,0.5862354987807616,0.8684679758979128,0,288146.8594013343,535981.0781674226,0
543,0.4923670487012489,0.48743119824951364,4,3052965.680125104,680663.6905160116,0
804,0.19231577278435052,0.8945522268940914,1,1211611.0422051344,434173.3248103075,0
430,0.4639362634548909,0.7998552559473152,1,1940168.1378388812,734181.4994027077,1
784,0.24581858702257464,0.42521350446923345,1,412098.25330970285,826226.8024285035,0
320,0.9148421498516547,0.022469308320117398,1,744344.6229637772,154971.89403678797,0
466,0.33540681349634693,0.2686773593849461,1,1496906.4051242603,834600.4184184858,0
573,0.9522640145333723,0.5416342146608669,0,457899.9077951841,544893.5664724042,0
687,0.5330552900947112,0.6334782198261473,0,4555023.060784713,846219.2499993221,0
615,0.6315443786761603,0.2578876854332023,0,40174.7454880523,436988.68927760446,0
313,0.5429404444893278,0.13935607407282413,0,2424462.492132914,385250.0805292047,0
541,0.1293806169667009,0.8349302367992991,1,625004.8160814317,915910.1251920502,0
645,0.37582121900794097,0.9844021807035521,1,1545318.6564949632,258657.5748729173,1
864,0.09914611227762393,0.5256901823026858,1,4631037.203493144,845770.2020332817,0
639,0.6229540441833817,0.1716792858483035,2,816855.8208371943,489180.3667843101,0
391,0.4468741952004389,0.27230732651936895,0,4829503.27539448,518954.4881257471,0
666,0.7779849715709368,0.018390676547466733,1,1036913.9411772144,315383.5986745892,0
754,0.22047048099936983,0.914298806560499,1,3710414.8812494795,577311.7786128256,0
727,0.16456605842933492,0.11775108289014113,0,2737919.5518375854,331959.0843134492,0
808,0.4063322309637678,0.5765164755142536,1,4423548.850707828,48876.72009923579,0
334,0.9265853832183811,0.274055220687206,1,2774426.3449606234,279278.61929091247,0
505,0.7104218150124118,0.5541780025157934,1,2677450.5035899803,16315.252972524773,1
380,0.41892362479291867,0.6514203883518642,1,985335.4218383154,978571.2391862881,0
861,0.5172721697543106,0.8297418037072016,3,839484.516637777,966089.73772155,0
687,0.08421301117709834,0.2064212717606032,0,4583280.8640664155,401203.74449758197,0
301,0.9845758963761131,0.010995828658480478,0,1645912.61226167,731087.1457962495,0
689,0.6664073046949189,0.13688563006880727,0,1866690.4522648507,352348.0374263207,0
865,0.2854040684634225,0.9000186418481051,0,3801520.055557658,674382.2255151162,0
405,0.5858083942152443,0.8738900775625152,1,1700729.1772898086,807375.7426155193,1
776,0.10948236606899397,0.5974131021703083,0,4760791.608728624,947288.6822453183,0
701,0.9658366688075836,0.6005168604336534,1,3692259.5673040133,406210.1530911753,1
855,0.17478498788336594,0.6650366745462555,1,2991171.920441366,785465.0031264873,0
461,0.6480303180552142,0.1753712786234496,1,4405666.851118315,273269.1661257976,0
501,0.24545446253893044,0.9144119459249598,0,257533.48266391893,990428.9807557119,0
569,0.7175613826485358,0.4187705248920731,1,1292742.8340241516,35511.90277670763,0
570,0.7768213672402811,0.38313852824949746,1,2330531.3077623406,607493.5184361098,0
755,0.6734197289114326,0.5189177052828375,0,1142622.9119628898,662910.9218348139,0
761,0.6144994602551925,0.046965966775055046,1,3722086.884637738,691165.1015033876,0
551,0.8924690939520117,0.1662833687560794,2,4596848.074958089,129183.70300119813,0
595,0.07862671098975804,0.7380336164263704,1,2124612.898455308,939144.4856383991,0
637,0.3309147657801952,0.08279866792512647,1,1717241.6745583557,189371.44625958198,0
352,0.24828747963084596,0.6031521094663882,2,4808138.153366456,626525.8692074426,0
516,0.9880139620654216,0.24534910968132095,1,2229813.6398094287,230449.3183318541,1
487,0.3893897796668735,0.38929561404197655,1,2450351.5182419233,314144.2528510582,0
679,0.7326126992403987,0.28869373677069987,2,1764732.8629861078,550993.9563108431,0
792,0.6847251638810046,0.35567271646494913,0,4548646.88033057,423021.4843789307,0
340,0.21208123747737773,0.7190459051842455,0,2849087.861576435,168623.34496674122,0
456,0.23899768021155132,0.297121715623175,0,3813251.1900364067,179227.0383966398,0
314,0.2812845635530341,0.5664046402968972,0,4060915.524570923,423963.34028117167,0
364,0.4111272782593792,0.47605040219909966,2,1715826.7191671184,759710.1484927457,0
820,0.2343250656505268,0.6636711653626481,0,2174134.7132886965,898985.0003793107,0
643,0.019651482746847804,0.936829739324758,2,4243874.154287261,93286.38563678901,0
428,0.8793930568071955,0.7325720972102503,2,1822644.204862293,399172.868483807,0
771,0.9656098313808841,0.21494037859075676,1,3971736.315924738,109243.10808564787,0
362,0.34157038703156795,0.031183135061284672,0,4705551.6896464415,26426.555826271906,0
438,0.33850687942547286,0.2622640442998251,3,3119819.761609355,665101.495817517,0
798,0.007091812774370987,0.5950779307002548,1,3710720.1643849257,606424.9475469219,0
892,0.680250688330374,0.05142581348425035,1,4027435.587085263,171388.92267673733,0
691,0.8254398957486287,0.49636624720123634,2,4226747.8479942465,241474.70476213348,1
718,0.14660830036000316,0.5968428489168892,0,1981316.1559054118,33470.676108073196,0
588,0.15966634936715074,0.3342438908169608,1,265804.6612882309,836597.7336374597,0
678,0.7900832499714378,0.7709122037458219,0,2015362.5934713301,974943.6900880659,1
789,0.6162907483541447,0.1065982531337718,0,3372043.586622608,144104.9414267439,0
530,0.04486055762771701,0.07513778173580876,0,2257248.425046156,239160.46162764513,0
340,0.6225469904622817,0.7281887562036033,2,3747326.1227933886,869725.4287074647,1
327,0.30891772284376606,0.49549131620619846,3,1791342.3230486328,927199.159976623,0
434,0.36872515547084594,0.688402396427736,2,3177373.2641091077,425431.1089787422,0
500,0.7697314182968802,0.4348273386037462,0,940234.8262213331,60116.24754638338,0
332,0.8109351926726106,0.2464020332391068,0,3749353.488858335,48997.91535589121,0
347,0.40035662683983064,0.8191023176741997,2,2733022.884376999,578210.3674083203,0
802,0.9471529360063548,0.7994158789689793,1,1028281.2988475369,398966.1578042472,1
706,0.40646271795207223,0.6946964708544268,2,1466636.7557540582,38365.903301877974,0
873,0.7718360352301099,0.2721451372299627,2,3745557.4558233437,587419.8683894312,0
398,0.48387726456425906,0.5902306668690871,1,2418180.1659509884,21189.51122313225,0
846,0.897532326522084,0.3609738969400268,2,1087996.8875614302,789498.2385677802,0
761,0.9077612436501786,0.09158207332663415,1,4836683.239947786,313368.49447633786,0
304,0.08741680787108386,0.9173135754622428,2,3578473.8488862705,49855.42297913978,0
517,0.9364933313102257,0.1368186309189614,2,4786102.814373583,592468.6987733218,0
802,0.8255348415204157,0.9502373538208024,2,2141254.1763481125,403707.57028872415,1
697,0.7913107143126669,0.44600577295795574,1,2380750.7000516853,974062.409223578,0
692,0.20091133968552244,0.18513292883861965,0,4490796.528763246,548756.6758786652,0
506,0.8051192087546649,0.5419009473783581,0,2629996.2078244695,282486.7892266382,1
314,0.8501327346850368,0.8729458358764083,2,3539321.770409279,712344.475987635,1
853,0.28915033445415095,0.7322248864095612,1,1268342.6587026946,278777.0825172842,0
760,0.9522600783623237,0.8065611478614497,0,2239165.0788261765,905200.8584934894,1
874,0.04986014639916425,0.6587833667107174,2,626014.830393672,380974.7508023027,0
540,0.14990925324713966,0.6922765645178525,3,1037840.3790260388,554369.8771484431,0
863,0.5375811380515143,0.8491956515653193,1,14707.642185479124,60067.37278598657,1
395,0.5757924711223097,0.24966800885918594,2,205932.60772681455,431860.02557270846,0
784,0.6451500833009034,0.4894249636431405,0,4886646.277652877,834039.904264385,0
706,0.016969129315466458,0.22120944181960223,1,1219344.9387324438,807592.3173097086,0
530,0.9603667746221303,0.987668007996647,2,3319920.44042497,232075.37326499098,1
470,0.04458809273414399,0.9440593396866133,1,4197107.4970100615,233818.28030045706,0
840,0.14306195272340239,0.0394268113685059,3,2757795.691590456,819132.2590911044,0
335,0.01401451752605698,0.7055751725156885,0,774191.0554189414,931094.4359676322,0
824,0.5668584332940947,0.9252483174156658,2,3643301.0223074704,104407.31206027351,1
459,0.9322668839209722,0.18057534512733353,0,3005254.5363969193,455558.053031963,0
542,0.6659471660804642,0.5679452305526295,2,3658940.4408434015,344079.7361745867,1
385,0.8226574684804273,0.9154882975880418,0,3851035.648056865,871981.5709028649,1
877,0.013281203458580082,0.03394597858579884,2,4877297.734746878,92689.66553321858,0
856,0.5420152984797261,0.6974202672468399,0,2872080.7673332826,219014.68313245702,0
873,0.4595629775055219,0.29734900737255077,0,1714789.152326103,754943.6542106294,0
327,0.49896794422079305,0.9243961953765304,0,3245838.138932183,60780.910491403425,1
855,0.07221318533518795,0.9710582451653678,1,351519.1391207044,497610.0269071464,0
639,0.6844353610693075,0.9442664891134339,2,4488012.6184247155,447685.9643329228,1
630,0.5032204148586344,0.47421421665746377,3,605711.246577602,341057.1671988612,0
805,0.765148849861264,0.8620426509893134,0,1645935.7610502332,400626.59216573456,0
647,0.48529063406171535,0.8445493985350704,1,4080569.4493243434,534641.1810609306,1
772,0.14938163622643208,0.31910047324325563,1,2990588.767870252,169753.6848044993,0
530,0.648256954077822,0.8289154741506773,0,1974241.246184436,576275.9195007569,1
489,0.17238636210516622,0.03700763471549262,1,2372443.9402813567,807378.0060069865,0
524,0.8723945633548149,0.596269878482053,1,4274191.49207888,762559.3204922575,0
684,0.6131162390692415,0.23000883728770305,2,1706621.8864388617,162360.90564683595,0
676,0.15720388355695425,0.12056688577727881,0,4349551.927212735,157756.97504405916,0
582,0.9623380574812068,0.07695320162920916,0,449790.8105736905,275492.6240674642,1
558,0.5183654633353206,0.6962887758781398,0,3886224.201671067,367463.97907762683,0
658,0.072898451871655,0.33987496376806614,0,4239262.688943135,414371.02559439774,0
755,0.6268329044150672,0.7247667715287615,4,917270.0876583203,682900.2446650119,0
710,0.2531989070128102,0.06535634079894237,1,2157429.19653728,66113.62784417704,0
617,0.8036934518773025,0.31529033783061033,2,835843.8755716415,44325.97718380572,0
524,0.8178220735661906,0.5394912923753372,0,3535954.6036811466,397991.4573144699,1
533,0.9789473558546619,0.7907231648389635,1,2681385.362627667,700192.0552166007,1
673,0.5018695310245037,0.3187525029320699,2,3180263.500074522,201500.98952691775,0
771,0.45495687972773713,0.6258913764370091,1,990469.9651114936,645089.4364436892,0
532,0.7534756054464806,0.8859777482361871,1,1066611.8516415735,267229.8565608965,1
412,0.13247065634192656,0.6158631881823046,2,217071.65429443278,887225.2477253812,0
796,0.5469155137931242,0.23295947475363377,1,1617117.0006266914,896733.0448239504,0
741,0.5462476001308509,0.02440078155653802,3,2803125.8600550382,304314.3322385132,0
863,0.08947312281038722,0.8700988739009299,2,4291095.220846671,237693.8164236081,0
567,0.41798408550691357,0.021269410850387138,1,3337967.962818817,417190.93234556896,0
809,0.853284798567202,0.8747016726841994,1,2182627.6537647597,248126.26932834723,1
685,0.8561536219946603,0.528937134027212,2,4766069.370826747,675660.0048587866,1
686,0.099237664919681,0.9390676985128962,0,3599033.550873401,827804.0377028027,0
412,0.09072088274783086,0.7987832357736654,0,4651524.362284125,676361.2096021048,0
380,0.2626954770019353,0.9979341105333375,1,2642663.986628107,826106.942776856,0
412,0.8747660625539935,0.35071181545171015,1,1301932.3312177665,403022.2405853994,0
301,0.12890258507349894,0.7671882889311269,0,273605.1649599627,164753.80100177226,0
519,0.7199968026274463,0.40193091360924216,1,3633163.408904414,740571.4379236163,0
865,0.10116561961310322,0.47987562030390885,3,615301.9600476152,366869.76009013836,0
524,0.6231378537478254,0.6275054632183701,1,1520847.8900771162,674558.1169768412,0
684,0.3560672991191448,0.8736771141863388,0,2667029.830340648,277937.50256194803,0
702,0.788913962965867,0.9840834691992951,0,2826438.773020941,90417.33845860594,1
429,0.2336904488253636,0.7682734138645182,1,3006910.1529658088,992655.9775328857,0
352,0.6392018293899598,0.41776678216733376,3,839614.0984450062,164639.4928512933,0
715,0.23568253457588495,0.4213570022770702,0,1904889.6500600274,988536.7840238463,0
546,0.7136602831121538,0.7375823015888915,2,3089799.193313664,977507.1332407828,1
738,0.8736780345607488,0.23877714576830233,0,4849396.134522586,795879.9228689593,0
502,0.12680179912676004,0.11047411313139466,4,3640879.3771214467,662828.7324611776,0
483,0.8665956885955035,0.35462215764077654,1,4613792.74789885,582028.9797485739,0
422,0.5935752544142979,0.28723899165408173,0,3813438.1709877434,867440.5299240564,0
700,0.12711049086702397,0.2963081204559901,1,2962667.6747730784,296545.12640329305,0
593,0.427541855359712,0.23360775104990994,2,968196.6119903593,473004.40036002826,0
579,0.1608602934850979,0.04209318963636188,2,3336761.40294364,623196.0696728369,0
497,0.7003478888665695,0.01787393473341381,1,3120664.0341399363,417078.5711107962,0
810,0.7588681344179496,0.9877223897360315,1,3016321.1605817596,433211.5895493653,1
443,0.10579652027279896,0.42777313373586234,1,2454031.4812613213,336981.8208270636,0
500,0.5061398526946443,0.3843266471596817,3,2647996.4539064853,568589.4985176907,0
423,0.8146250560259172,0.6796472826930698,1,1678868.2103193393,852068.7827349649,0
486,0.9361630415509965,0.21825388786506417,0,2601370.336285093,209513.09422624973,1
625,0.51351786674177,0.9499611839502253,0,995803.9693356064,935088.708365907,1
763,0.950279223611407,0.786345014415552,0,4027820.24282828,692196.7772107474,0
648,0.5356889704560298,0.08941100231225951,1,937027.0039465519,825040.4805532299,0
702,0.39419049459990796,0.41758077578492836,0,433981.78654843743,560628.7857037116,0
645,0.8482031285528955,0.8791183075621647,0,2186867.6715222155,781721.5344098229,1
810,0.49298271045808906,0.9447320222914103,1,3294954.1231352487,26038.393366072538,1
446,0.47190251056452304,0.4674015112498697,1,2194206.9564183713,820196.6205317399,0
447,0.4903124894098283,0.6134113892107077,1,1391003.11843703,49737.470494512854,0
788,0.8467850018697454,0.16703394609207523,0,2795274.207613299,891014.2425992339,0
850,0.8319415416880521,0.9911686261369765,1,1741541.6537068777,992043.1197662569,1
637,0.4035199924402112,0.2316717013834434,0,4665009.773731899,301126.78755501006,0
772,0.333299859870525,0.9427317741351257,0,4613999.246621825,218215.3707229357,0
450,0.4919280240391293,0.6496466489923685,0,2516835.381660756,767709.7302194603,0
714,0.572772509737109,0.6077367948788591,0,1646141.13015111,260496.07751105068,0
597,0.23833721062799695,0.5126885110165086,0,3688290.745643629,866906.7593404815,0
562,0.7939550847155906,0.2306698117177587,2,193197.58798050255,111814.16623590194,0
443,0.4864827657324229,0.17652803200550826,0,2379097.34015782,134695.64441556466,0
645,0.3340455484199596,0.22048620907017535,2,1688253.7374089644,979360.0395496094,0
871,0.10682099296399061,0.18643826214425452,1,4603474.066661748,677100.5092873046,0
301,0.23884516040360693,0.7795844735667533,0,69895.10609068589,848418.3521846633,0
603,0.9492811717559837,0.3501252591667301,2,2768546.229834562,331086.0835780028,0
553,0.3050996868195266,0.05784267656339637,2,3705911.269522464,679718.9120253983,0
752,0.16885928936703531,0.9691026301408113,0,2430239.7577449656,598299.4090355112,0
336,0.4606727916549932,0.8837858849634257,1,436161.1205119811,607118.6189217175,1
459,0.3070877433602487,0.927752283195213,2,4862582.336239232,685707.1349423444,0
308,0.035159250271194153,0.9949078226464353,1,2594872.0525667286,579605.5813978076,1
532,0.32314521727941725,0.1738952492194873,3,3074789.3591518668,434771.74560963927,0
398,0.5441086239394686,0.39624201890265875,1,1190682.8157104615,283163.4674367414,0
507,0.5517123720199669,0.7582384757040913,0,2422655.444682951,770895.51760407,0
430,0.3565589211768887,0.6960206180537922,0,2151455.964872026,234009.70570315432,0
703,0.44730275625260063,0.15389590633985506,2,383730.25158989883,695430.76309287,0
451,0.9655179182347664,0.8158331249906178,1,539740.1642018615,240999.49442283338,1
353,0.3773484772303116,0.22444057183666066,1,4188987.872897685,629076.8682549094,0
419,0.258226813259983,0.22381761482262308,1,1206701.5615108854,749607.4844577386,0
886,0.24346704406676012,0.5369744228934136,0,982841.7747781664,226526.7500174738,0
719,0.45776461270413416,0.5929399348417032,0,2529508.141738195,69343.8678526952,0
721,0.7595201487169441,0.5800862078378112,0,3846048.1854989394,139664.00556423236,0
403,0.2059881841884732,0.09148683739775487,3,319113.12770914973,609936.9975983152,0
553,0.7092961271407681,0.8774608626303804,1,2888271.5189948967,850951.9421634781,1
526,0.021149823349416286,0.26560004258870606,2,604860.109774461,54546.85302307012,0
411,0.418932977983946,0.12951492128280417,2,191940.6436198361,736809.7464512298,0
809,0.7758650652027869,0.8887480798689772,1,273192.3212894648,347905.4594905516,1
772,0.3387329557744314,0.9556514982297534,1,4172478.899960122,483743.0862203273,0
398,0.5637371014453995,0.8621276172654506,0,598682.6933040272,929570.95434711,0
452,0.2049792328259108,0.8095160747248781,1,235305.30841733684,338651.789688487,0
637,0.7419953911261723,0.6552419806390217,1,2195120.436843132,470683.5646000912,0
462,0.05227910326875962,0.5508573706091393,0,4221527.424990703,23545.590613074295,0
460,0.8525426448755004,0.08698675991141014,0,1319417.7986816166,90782.73280478998,0
879,0.19819638642166815,0.4084532130706987,1,2114345.9614543226,266005.6752234362,0
697,0.8743980317083307,0.372688517012314,3,209213.4374931186,37573.71841286366,1
576,0.3525292413005173,0.2597537837603262,1,2250901.7855330305,635061.5727877684,0
803,0.7226835744744866,0.7234201136885849,0,2892289.272379297,432134.3732336063,1
691,0.31922529778618847,0.4958757350787708,0,2858826.1982232025,552663.7507007418,0
434,0.9059116712346476,0.08104621590764793,1,1668809.1939500822,182900.71403736624,0
494,0.12663712551837436,0.22018320194981134,4,1584510.5715090462,302972.70914224995,0
700,0.1785197892725987,0.6832587636595959,0,542051.8584936234,667186.2301041979,0
332,0.4930301251588023,0.07613085949030018,1,1840323.6200248792,965649.6963940958,0
759,0.08193843903814613,0.8512069140487687,2,506478.3976760936,59912.60586618711,0
769,0.19598018470176193,0.4951465270139743,1,3835313.7641131375,891480.4776467134,0
674,0.9437663822120144,0.480586577326648,1,4831708.745763447,581112.3892980964,0
321,0.9764896611478872,0.5924077846595176,1,4850671.5387668675,568280.3710880674,1
337,0.37625932933042194,0.8246809659251492,0,4326704.785883215,505275.7498556827,0
529,0.9232860210139356,0.34780920790219305,0,3007952.8252046993,78700.14504514156,0
664,0.5448246756734317,0.6780161525590636,2,3507319.829246961,98978.08321879906,0
862,0.26974246587376705,0.5657319639957911,0,1433176.9553752663,604902.8856024953,0
737,0.7023987210805986,0.2670282701694213,1,3157544.396661377,347548.98572120274,0
582,0.6589018065748572,0.878629986355158,2,2283691.2517049885,918095.3859119038,1
326,0.9891253191087334,0.7974260216069281,0,2415266.525486893,412524.6319858775,1
525,0.2650472874092833,0.6584518346584255,2,3791305.0362720382,151848.64411561468,0
576,0.6720595026617354,0.8505817290942419,0,1416772.5944302857,717571.6451670156,1
583,0.052023755029446894,0.8672942009598024,1,1597017.6623556542,300419.88722659973,0
780,0.11364603869671941,0.7083629767150348,2,4623962.537731897,530215.6042823342,0
752,0.003918374951093262,0.837013328363672,0,290559.2313063515,700854.4576501183,0
815,0.9994606810596731,0.6974714616692836,0,2433315.1490825685,901261.4700900497,1
846,0.8022736971474778,0.6801407717603004,1,4564875.99403523,794269.2828536594,1
491,0.7867230147335408,0.6186113782151843,0,3055711.4090126036,679597.4571939969,1
348,0.5097260752881797,0.7527166395576412,1,2736571.300318539,682836.8505711921,0
811,0.30006708290543993,0.1586051052930737,0,1256223.4543544825,946465.3975917656,0
316,0.15126428446267592,0.8808707591989284,1,1722944.690431597,302865.8565215707,1
471,0.28467473884646366,0.871843527745232,1,4261721.594865418,11100.973254225533,1
519,0.3759712219291391,0.029247283034559146,4,2800498.477524606,279235.0138042167,0
457,0.756310096980294,0.8258167505647627,2,2578563.5468463316,225712.46583047655,1
776,0.5396617889031524,0.1288698674734452,0,506902.7705647443,665216.2392628582,0
345,0.07748362655548269,0.3351188542591419,1,89980.50071106438,637374.4837678737,0
672,0.01802900895891224,0.7435082562916078,1,4818789.091548375,597526.7688776766,0
817,0.10233217953406315,0.1607598960483082,2,1891160.9747613398,26081.008777359166,0
398,0.41049871369737934,0.8179670241190622,0,3020033.1798765264,731490.273906141,1
336,0.9331929170490183,0.8321341779577419,0,407778.2152045521,330295.10836063663,1
579,0.6374024812092216,0.5074677337608362,0,3418740.285758002,668405.4291165648,0
648,0.8018258998755151,0.00638587171683358,0,4663507.876442745,561012.6442171318,0
796,0.46637459450454855,0.2870381331749128,0,2882569.612457124,349303.6161736281,0
601,0.3616660831950428,0.6169269183757422,0,639315.4586532987,143230.50443306667,0
480,0.10840037271662273,0.9811861780274235,2,2912790.4220926487,103474.70868387615,0
398,0.875933022186205,0.6318135270166684,1,3834072.593392215,833203.1497811014,1
415,0.7831600290279028,0.2598035810641598,1,2038018.517504353,919213.5666607424,1
490,0.1681180975977251,0.6340057030996114,1,4400390.362227924,653290.1662966566,0
552,0.5122605638762605,0.5399853797158555,3,3246927.937253249,112399.77371187854,0
460,0.4873748079212449,0.7798453951511436,1,4497252.102263121,408006.9447193583,0
555,0.6250915526865286,0.10698063882695841,1,3121291.503124213,731649.8081041056,0
622,0.9461868939912612,0.761027902502028,1,665126.9803040728,782022.6751699675,1
427,0.5797714417624796,0.5412665786761103,0,1555361.6384148938,127036.4360681777,1
317,0.5402172667786186,0.9629920038589946,3,1016956.79177976,10030.411656928592,1
865,0.050322932934663944,0.3418721660386861,1,4545044.223607142,715015.675421799,0
869,0.06290747601802393,0.6326218931339481,1,3804396.3357645385,363030.21422634355,0
622,0.1873467913267889,0.9320281055100175,1,3385227.8608609303,261936.51830207766,0
587,0.03247077169174828,0.10250972799067926,2,1511821.934961792,22768.495091630186,0
454,0.7433528955700124,0.9372284872364511,2,928383.4125305655,544896.4126938847,1
789,0.7233303039939631,0.6878857223008134,2,3784690.92906467,852639.228071722,0
685,0.13605623443164294,0.0678370591051719,0,2376048.1499366076,958055.3298098621,0
403,0.8360789007952809,0.30096356694681625,0,1136689.8652316392,570087.5011071563,0
692,0.15478603484611198,0.7081720886452816,1,3086943.6710447227,519316.71446249523,0
545,0.3011755869973588,0.0673506014687717,1,211265.92217087536,94205.8216343487,0
475,0.248976899161365,0.5821704601762733,3,1637589.5680999851,553384.0735271737,0
338,0.3723070985730478,0.34588305695295674,2,2348099.403009762,386179.2881757407,1
776,0.25466376588996187,0.6209155177674771,1,748312.0872059352,611063.9280747412,0
837,0.48895092643845206,0.04574203381251285,0,4923425.843178289,394839.08439778123,0
707,0.4074078813546854,0.8715368061523763,2,1053395.849302175,247896.1322158631,1
824,0.9865694907793265,0.9734889691773969,1,660462.118915895,104015.62247609273,1
805,0.055926350128225666,0.9688778552856915,2,1025639.020695613,321769.26014300674,0
335,0.14218137638735162,0.7496518317429247,2,3847615.054467024,105678.38594487475,0
319,0.052825893908602484,0.13008624013063197,1,2133273.239766496,185127.98131574408,0
620,0.6258411949823758,0.7582631959290226,2,2831425.5393651645,987462.7969937505,1
811,0.05450927741371958,0.02458691645880151,0,114835.69336194011,449662.52133755246,0
699,0.8364397373761233,0.022123551528997254,0,181812.22978083964,536553.0488399664,0
770,0.5119386306819278,0.32361021914954125,1,2234669.4936368107,874882.3434498432,0
442,0.5270076245815337,0.48864319040466575,0,4085109.6635761014,995613.2114857809,0
391,0.5615945077121942,0.7704074178077932,1,4427342.004750751,586887.3048512347,1
653,0.17081370630621073,0.6832953766065052,3,442665.7723022447,814349.0828337299,0
350,0.19769030311448754,0.44590270637674834,0,2696431.8794841035,333671.6140933085,0
874,0.3188173228730047,0.2736266662816659,3,4567016.13453356,312686.51787281816,0
489,0.5934964158218514,0.9971245001577111,3,1945984.044445453,408676.6837846146,1
424,0.21011777594021452,0.42618130223597295,2,4149533.4988275594,675782.1900469126,0
449,0.11633172713326123,0.4513870243296755,1,677141.3154531866,685369.7723625478,0
613,0.9701168864184322,0.16362382119166918,1,4677618.503442315,322087.0403029563,0
869,0.021981814809622913,0.7948095487499294,0,3759602.3544812,141877.8248952624,0
641,0.8026974053360216,0.6936822257814886,0,4707258.6200066395,636072.2939008535,1
604,0.7880351495750221,0.2207696127887604,0,3386319.9954270073,137042.60356687687,0
353,0.297214113845096,0.0823810456158427,2,1823385.6206771408,582707.5831470367,0
743,0.1356266160073134,0.6804993020747131,2,4691524.050898365,696487.9067757459,0
563,0.14562864670542341,0.6545112142811352,0,1385078.2137828006,703605.3814305072,0
352,0.6974316172371925,0.2732595269982093,2,1667540.8850880454,755937.3895530008,0
871,0.6428065910861737,0.9508635622504104,0,3507034.005828684,874130.827350008,1
304,0.7827456742513867,0.15105789178090023,0,3828928.3346316773,504959.40204514057,0
402,0.9374811723991047,0.4323348010426019,1,4647723.384407277,732946.6976342754,1
495,0.691927363266592,0.9436159201675989,0,1031964.0211904855,622981.0080121784,1
649,0.15585153655144346,0.4197273169261223,0,3992010.1957439277,194773.54039970573,0
346,0.24344261676541068,0.6385259476640855,2,3695344.8064508475,35432.74842071409,0
568,0.8421937308731146,0.3975943979627943,1,328334.83570545336,291695.9718201644,0
669,0.20930607583420857,0.27421520234867003,1,1942243.4746389326,448603.3692742432,0
405,0.07252231695448141,0.9839776479598282,3,1420999.630729892,620934.8849843697,1
419,0.7032800540422505,0.409334006315043,1,1529407.2175266116,851459.7371981733,1
357,0.40252635549014204,0.8940992036791344,2,4914904.928977957,204283.25953910398,0
645,0.9200400525459036,0.22995460589108618,1,3217459.2932648403,134294.29199949233,0
773,0.6502550710936615,0.2131047040250833,0,3591204.0273895627,963845.1479995842,1
416,0.09041897779166075,0.03113408288451136,1,4883322.010201896,116964.11378264303,0
426,0.9478565672536607,0.651666825375885,3,1892236.8944636171,483706.1594061173,1
692,0.2585572636402459,0.36852634372376114,1,4011182.4405795014,589708.0915053688,0
357,0.33721249040628576,0.864358249839637,1,2178309.5068894317,545960.6766983639,1
812,0.40226041368354204,0.47320990669155716,1,4348973.022356749,95171.83546261377,0
395,0.05122429640431325,0.9681934279147217,0,911481.1311434029,66456.64486358318,0
417,0.49651542223060485,0.18552551570312115,1,4738954.023550755,114428.59318642532,0
859,0.12331849107529225,0.8686231679556108,1,1101670.8249702896,589731.8070338864,0
787,0.40097032668835175,0.7765968527917417,0,1637840.3298348484,548901.4387579779,0
536,0.3507097879920843,0.770921844644052,1,3783399.2481928347,241403.3841163768,0
571,0.7728400834265033,0.8447832281168877,0,1974838.1564113793,641396.4004271356,1
488,0.8031705116327311,0.7610239909429989,1,3044974.7700645686,821866.8270350929,0
746,0.153412882389088,0.6262203216314154,1,2228421.770336448,51163.170248127826,0
880,0.3665511873792262,0.13124487768238757,0,3714425.9860780113,503148.644112562,0
546,0.3733531610318317,0.032526179491251916,1,1149372.9493193682,692417.3079816634,0
375,0.15141044393608505,0.9208478478156868,0,301705.35631201626,259788.80779899022,0
453,0.7984535050511905,0.616650314520738,0,1506647.6933906006,314693.1962402176,1
734,0.7072283283354233,0.7965372909761763,0,2376800.237693467,617501.52395949,0
385,0.19038178629703473,0.4815223515125501,1,848420.060441466,898955.9405092995,0
584,0.36672190859379905,0.11730818896239448,2,1780438.4753853795,811825.1760998704,0
519,0.10580502485651422,0.12518579220255044,1,2005915.2612849069,587298.9169085877,0
368,0.6282065970930439,0.6855652872289714,1,296385.300004485,732919.5005796767,0
346,0.12137192454861967,0.4303058948994627,1,2920703.1684391806,371174.24550572067,0
393,0.9859341686249178,0.20052472670033672,1,4422873.705576724,644555.8728177701,0
752,0.7806820746878623,0.4915945467414369,1,767197.1356357316,471519.7752162814,0
503,0.39023854958399506,0.06420893707513409,0,2993061.986873555,198036.7750929853,0
517,0.5785639322793544,0.5819714019143988,3,3327048.632505123,704720.8911384846,0
773,0.9113418162164088,0.26899340443509767,2,2102480.0552922487,560899.9909753338,0
731,0.5540992803958261,0.7975591006371882,0,3508476.9609477073,365035.3661340555,0
640,0.17449848639795518,0.31036195892357377,2,2059550.40202015,912225.7981778444,0
850,0.3787033555811593,0.4552201490818012,0,2528140.0670074,30724.776648465933,0
588,0.8431448650297454,0.011620539908100636,2,46691.69232659063,322615.41973700107,0
553,0.6442130159896179,0.07244688779455888,1,3461683.369532097,66312.5837998701,0
656,0.6507243843338003,0.3924935564066848,1,3310099.967934175,768862.0430594109,0
322,0.8668214856884892,0.4799388347171235,0,201620.37785845937,705086.3795726547,0
821,0.8939730574625047,0.6000205481193037,1,1847568.035901714,338038.6965489539,1
399,0.9197925717794363,0.29166257870930323,2,4895368.88555042,678906.2731850023,0
479,0.0948491932531561,0.6949818861265425,1,2109475.447217398,401977.85393399035,0
522,0.5441260019631009,0.8601223971892046,1,2514707.57160789,758691.25350821,0
741,0.7405095212183186,0.7798509888933498,2,4550551.489216995,459641.826109339,1
624,0.7569268451270138,0.039618825348357145,0,3589136.7605701243,418156.9305533489,0
815,0.6067162019700039,0.48050694725782894,2,2914529.9543098756,935382.616333418,0
315,0.16678733518367417,0.10493017841817487,1,3991045.359891952,258370.30889179322,0
635,0.7974205539416643,0.24204501586252747,1,4323187.669615307,129242.86659659978,1
557,0.7201113335149457,0.9866625932671464,1,2289871.4779689615,588697.6821268636,1
796,0.08613577154903629,0.14249554290151323,0,2380790.7410098584,969628.5941613371,0
459,0.46380982467437626,0.49888815345135606,0,1936394.1689026605,384060.8215899148,0
774,0.17397739952180358,0.6181557343181191,0,4833863.638692118,71416.39599249371,0
679,0.3374770457129719,0.702464970544104,1,3488859.6089088484,345912.21463647176,0
844,0.018081092205685434,0.5596486834869141,1,425283.10037828074,510872.33777636284,0
726,0.40032986841075824,0.00977084741918366,1,4316168.520331962,170303.77656589157,0
567,0.5498769211562105,0.3264613082439919,0,2407994.1047729775,661521.1958759271,0
876,0.6195825928270868,0.5177116433847114,0,353081.99304821243,997771.8951200986,0
716,0.6634903451287101,0.08786649914483335,1,2753089.1032649223,457222.0812216294,0
467,0.83629131310246,0.35062693120918076,1,2091649.7520887533,361181.2711629105,0
342,0.21546290727573003,0.033203108791366565,1,4389969.530264498,406697.125166122,0
855,0.12048182243846794,0.07857849715502074,2,1027933.072010843,123994.71661124912,0
584,0.8515371718979257,0.39692327620159606,1,4134058.4013659926,884440.8654119616,0
696,0.1566128148926499,0.13271575404306035,2,2792866.569015409,420677.3989661385,0
311,0.9747600813361953,0.5675408482615582,1,282505.4130352106,393401.6673105929,0
601,0.842538229398637,0.6894649691372657,0,4859508.053614168,663093.3702011696,1
552,0.5008766058895991,0.8005866991090829,2,2567950.0680749677,447613.08672181226,1
798,0.9814214249220252,0.2001502442448101,0,1461475.5026155966,651751.1341197676,0
334,0.09737672910800421,0.16748258225906976,0,2352340.141526398,70831.82722947963,0
389,0.30306576117510164,0.10456784033440025,0,4290710.33975227,815586.1102850052,0
717,0.6382244150406114,0.6364302495436367,2,1531466.590681467,941098.9133506085,0
414,0.35000686847317874,0.7064757264869012,1,971455.2184686346,652277.7322977921,0
495,0.9283725519807918,0.03158614482564204,0,654065.5221850985,955020.2695702226,0
800,0.06562608817781757,0.9362122462436898,3,1496318.3979671542,159917.99122626366,0
792,0.5494118320609646,0.05197128365147241,3,3902439.954329817,482642.02758555015,0
374,0.5908662673951145,0.5412963353010705,1,2363415.562324356,605788.6666059928,0
712,0.6527281237772241,0.7090605194509164,0,1145133.2024307644,585919.2809469749,0
675,0.25566622333181444,0.8709691237460856,0,839263.1480526485,407447.1612981528,0
719,0.36456642751986446,0.7140869321324278,0,1670320.0877867916,344703.56527259876,1
576,0.8436805296649776,0.8017280830697918,1,4700222.620699687,135555.78232491462,1
693,0.19494276897015983,0.33945019254280606,1,1721703.2958242216,397825.0260566554,0
756,0.826867847173362,0.8148251137465122,6,4940739.13901363,171034.2069544303,1
491,0.5626554229027424,0.08011484638467514,0,2431299.9742691275,737022.0197272962,0
398,0.7621875111940821,0.8948166560605276,0,904027.9522678528,216742.62613964407,1
847,0.7136073662634715,0.5475923761537362,0,4456789.058049612,67979.65223168852,0
395,0.207511495384879,0.8172977699624937,0,2307173.311942786,556842.4764390619,0
489,0.5688127364338729,0.45231828451830014,2,3551260.004087577,599277.4353922076,0
336,0.8677231528050924,0.643577695196525,0,4918720.800213668,873193.9306677005,1
668,0.43211623680192934,0.5264026609361132,2,260374.99809667026,581211.796293505,0
824,0.9665907702233167,0.7315895217553319,1,492505.85333996,352026.04518621124,1
578,0.45221510010171806,0.08162998203058958,0,3605079.1398991533,804981.7627110573,0
516,0.14278563666788469,0.0603520839905638,1,1416306.7664444053,544876.1042555468,0
572,0.38943468007767323,0.24710323401014644,2,929663.9707809943,88487.48178487983,0
361,0.9517024063905372,0.15954468011318834,0,206415.7803004502,570192.0547101141,0
895,0.31972084933985423,0.8717835665922017,0,119015.09281114701,908938.3599674457,0
641,0.8680981598670628,0.21921398735804432,0,3874683.1595677566,402349.49924323836,1
696,0.8812506816818898,0.9758652558191313,1,680822.8025740545,303362.54388080206,0
318,0.35018652433196107,0.33689579177110685,0,2343925.873696043,152034.76244783986,0
476,0.08325765805063212,0.18211791568869928,2,3033425.1077456204,159931.06671600376,0
695,0.7245579091588182,0.7896985071424791,1,2147475.484838543,438443.7694984007,1
744,0.311512299013986,0.6587077755008761,0,145262.1951578032,599723.0259199142,0
532,0.7829236142575724,0.498195716453139,0,3919672.497913665,89809.25111790573,0
375,0.4426548482604331,0.5553635509376312,2,62460.9904628509,940172.903134914,0
564,0.48526674234262157,0.7192017782722638,1,3811830.572943645,757582.2812707439,0
754,0.7779094067485368,0.22845474133129873,0,4467589.424002732,590757.679100826,0
683,0.3823633310616279,0.9963339160567419,1,2169871.2060752898,830154.2842296009,1
863,0.44312734532291453,0.9747931621467831,0,2682356.940758013,89384.88924399216,0
805,0.37619046876962214,0.6503256863469369,4,2390147.129162092,482070.48895579315,0
666,0.36734051527727996,0.19954245092914513,1,1952151.0069309596,633792.1955930467,0
443,0.5259465769014594,0.6802282424312913,5,4438248.431498097,830366.3770571064,1
368,0.8087994445011507,0.07219840897917584,1,4470728.2182432525,785634.8644487751,0
398,0.36176831192256587,0.030652502205806065,0,1685723.6595612573,284298.55721626565,0
695,0.5242547205377367,0.2576828885112137,2,3079198.072533343,941471.3678636122,0
324,0.6707273254426008,0.4626229567393163,4,4635268.735107862,133102.38301656165,1
768,0.269439446303655,0.8682725054083805,2,4810671.909717344,876382.2824349406,0
783,0.27752280490239256,0.727169069766308,1,2549705.611706017,971230.8471085724,0
864,0.9334131270234548,0.742706521199981,0,2269595.7783687906,185381.9879903993,1
450,0.7235345733310886,0.42549333444807536,2,1400684.6364833436,724845.4035617474,0
443,0.5771866762233089,0.3459349925469629,2,4794770.647220146,49882.66359021848,0
868,0.647720054420612,0.3710387629846027,0,722643.3793196081,411368.5968877634,0
338,0.029299443103418366,0.9876495637360578,0,2903349.584478148,521120.4662056973,0
408,0.6181029655616969,0.04010919141248248,0,1419925.834918008,584838.7736505377,0
341,0.5095088732242019,0.8670314961224486,1,1402251.368835505,936577.8757660739,0
485,0.5457496797794357,0.5786754085723934,1,2030793.2510071804,675528.1804212527,1
697,0.3594238268308171,0.43861541918959046,0,4993976.749720116,486465.17170704465,0
522,0.08147389771294189,0.7252576604151365,2,284281.8711307121,811578.2859032304,0
432,0.19333923361205219,0.48666894142470285,1,2896923.672835622,951027.4927448649,0
462,0.9507447132126717,0.8734232380816606,1,422035.0685960331,31845.487195467933,1
514,0.40869956227093396,0.9007018640112585,0,781058.9416526897,982696.0595334783,0
534,0.46668315583086417,0.4217209268734554,0,2203419.079446764,95270.81767304354,0
887,0.05270978985343899,0.2768277972350516,1,2557196.055418742,816242.9114760738,0
308,0.03756622954398059,0.5923503285933622,1,1301374.1177389747,287531.40502589836,0
373,0.7171814470467577,0.912363345616691,1,1589121.0830633368,140857.86117633304,1
791,0.5380946641211113,0.21066218900566658,1,443965.431077106,445457.0833166966,0
552,0.5087059842162667,0.6229665835634828,3,1523066.72138281,647517.0136531374,0
529,0.24312453042266868,0.6315602200925206,1,4833126.612508915,387142.3265732403,0
818,0.7447507316299222,0.733113022415281,1,4724089.834545684,64019.75419987197,0
473,0.16823657910849188,0.1315676851272598,1,1681042.667783555,603466.5282621294,0
467,0.18993474366102003,0.7158249646820886,0,2858561.1420310205,903379.243349568,0
469,0.46071217134827547,0.909032520665641,1,4548881.001643612,389383.2122877792,0
692,0.2862798621119409,0.17968310887024197,1,40857.274978074405,224169.44985451875,0
493,0.24746298123314636,0.23754332492387764,0,4055311.015984583,448151.57247348723,0
816,0.6452376445533317,0.9713950940416396,0,4742364.068416705,57879.083938293064,1
328,0.6509717452185445,0.18097695270948977,0,465715.4143244497,822282.7086354721,0
464,0.8245170697999292,0.8543850933695791,1,815623.953304276,828077.4028406849,1
721,0.41770856697297587,0.4922778564480348,2,4804124.050829063,592120.4587953321,0
638,0.07308509102615024,0.24723107440317704,1,2692325.316765328,359571.8600490056,0
795,0.2736663849214577,0.8707499012725114,1,80841.20601390128,801785.5308013256,0
664,0.9800054631968169,0.4453052550026655,0,1295583.6738300105,559140.1545404835,0
641,0.5962585752327021,0.5148173539296902,3,2255218.9346016096,827672.9854645161,0
799,0.7097370848010203,0.3592333693997657,2,3467615.466013591,635144.2046571904,1
810,0.007357829625414536,0.5929508514349274,0,3668470.28690263,786561.4184806694,0
626,0.5182057321825209,0.16352387258502277,1,4977153.349498026,602577.3632855824,0
516,0.03752865753180312,0.3910815366517607,0,1444680.8849249575,419999.65753350954,0
600,0.569230212091448,0.9694123223352875,1,2695718.3083236916,958366.4013268761,1
431,0.9207708496360754,0.25813343270112754,0,2671284.503819429,545702.6866300562,0
369,0.9684191305004078,0.6567366645412922,0,2034169.844641715,609038.623355133,0
551,0.5405526753889242,0.3251900642246949,2,854117.8502736768,228282.76302060176,0
714,0.45820480525221596,0.7734731256866006,2,4887508.2502873745,629394.2815330037,0
744,0.945017094248494,0.13087366071834983,2,4268052.761466265,575891.5729881144,1
481,0.6736098319966951,0.9698210450785447,0,2496681.811188244,192990.0139675547,1
466,0.06489927953840946,0.45378954138363925,2,3020194.6591933086,68991.22637961229,0
390,0.46572557766749756,0.23605046334646396,1,1144032.6572627148,608315.7265176234,0
830,0.2402450184643039,0.07349674733001266,0,2723497.481254817,766055.3466568174,0
338,0.46980432144868156,0.16975790508754074,1,3477900.9642761643,528167.3572127882,0
425,0.45546557200636173,0.5197739485560177,1,2580683.471649078,234504.89906644926,0
750,0.582144802814742,0.3370031764312863,0,4951523.001218857,669856.7569261045,0
472,0.35677049034925123,0.8288833658826095,1,3060594.8646761538,89304.66934350622,0
519,0.16427044945592806,0.43088752366180594,0,1861158.8258349237,447415.36775393505,0
357,0.5037194345899563,0.2487142725876299,0,3863038.617803032,171733.09081443597,0
775,0.8302028843457621,0.61714498660403,0,860607.9327923938,192614.46054928453,1
755,0.6640122280676023,0.7067772168854458,0,1928733.91039427,210271.0096666216,1
660,0.33836786592521584,0.16704190790094986,2,1741325.1623841533,392839.9864735381,0
300,0.9355230227588572,0.16761921628831766,3,2164717.4045878085,60638.70356419365,0
686,0.9122075712491822,0.03667142693354297,0,3911081.331384344,403815.5065198072,0
647,0.20934839938409877,0.7364020150656405,0,2426023.4304954032,516590.3726435538,0
489,0.039417585120362975,0.6638045276218051,2,3972132.106827154,488461.34211666195,0
804,0.7413087083507622,0.4746308757498139,1,2886679.6266679307,388956.25939901016,0
490,0.8276102613491533,0.8441704489691971,3,1716926.4789412012,840755.141990045,1
807,0.9678645659513553,0.8056701529500532,2,4051793.9309805273,153873.42549629908,1
668,0.8898363940883107,0.5853543643967521,2,1199065.456059927,510639.77634356025,0
708,0.6005347682064148,0.8682712805132586,3,1129671.0692009795,71421.00278698876,1
416,0.5300523392123808,0.20584121003676825,0,2527469.5910336305,80444.12208913064,0
433,0.02784105126258629,0.11191961939772788,1,1311637.7373508236,578127.1911803253,0
357,0.24665644684477783,0.2697496115169896,2,55344.30440656945,570358.2406389427,0
855,0.45961475173292643,0.05708685608931485,1,3245004.6612210195,879253.1777160123,0
472,0.6285039000835678,0.531169528001032,1,2560358.169147266,562294.9389034724,1
448,0.5572518333184107,0.9366056922949615,3,2233133.8943208745,960193.1102008017,1
379,0.7426359896816905,0.03934354066850965,4,4835172.887945394,58207.89991593047,0
512,0.27976693088704085,0.1221099140100268,1,2860283.9279749393,107027.60793293365,0
502,0.5649526076524732,0.4521990282834353,0,4318523.573169028,53625.20295467758,0
528,0.08814224339079213,0.9338750175279049,0,705856.6786637492,193424.0818302046,1
526,0.41366552358320696,0.3161561049767505,4,2850340.2510158443,545857.4098322613,1
831,0.750160832954601,0.5072348086883924,2,4341218.337387205,649116.4596131537,0
740,0.693400853429044,0.0415728590503921,0,2919697.728826691,55129.30636918211,0
701,0.990642737172179,0.14834320096208886,2,3592890.7488537375,946511.1809471434,0
346,0.277891125987756,0.9866301229588469,0,1866497.4033829148,843743.7228838772,0
532,0.49818929917397914,0.9651186964360455,1,471323.09001496236,303646.3573355222,0
604,0.3295304137739967,0.004939980934409616,2,2294922.4726840863,86415.65492420328,0
825,0.44060311405917474,0.951811785423239,0,1978452.160285899,178188.2024868667,0
442,0.8569501298693881,0.6391199378155004,2,4336630.310070947,135674.96961742296,1
714,0.6842090751884866,0.8679182945200221,1,1227536.5587388366,132050.9415059574,1
812,0.8824411913475817,0.4547398556338591,1,4834003.795400189,523376.0717790766,0
672,0.20351110833188646,0.5155960285792502,1,4791109.217824436,253388.9680684663,0
865,0.873361117841438,0.4888465802569202,2,1245681.898926479,364558.319363853,0
558,0.05976227417838442,0.6668642575461043,0,1746779.2578318291,989610.2800504792,0
770,0.8885992804371524,0.1396512547563129,1,4478823.146960686,687471.1064360914,0
311,0.3290737794607279,0.029973589872677953,0,4833444.882271577,949490.8603765314,0
629,0.3145876334140665,0.3079299415911909,0,2222761.1231518597,151130.98948278444,0
657,0.5120885766986639,0.7046807627366467,3,1611775.2577480802,388318.08008424356,0
707,0.9406901877232318,0.20185345212294836,1,2635209.1261251946,559184.4852495308,0
672,0.04778136468140537,0.6734324333249173,2,3441968.3397650165,85990.48126985064,0
307,0.3522309750707453,0.9699120461072704,1,1374637.8317211492,14145.569191678285,1
421,0.8565719886833357,0.09390071578941839,1,3685001.141349173,673729.9904589483,0
647,0.39605447743546673,0.6726021182251263,0,267770.21200205875,645401.321633421,1
389,0.199156897597067,0.44375021930457115,0,255979.51889443805,416680.92189961567,0
615,0.4247941813314118,0.8681422543775054,1,1937575.6486762706,494747.6352717123,0
477,0.3855525014916693,0.1771497894473859,1,1773831.2283829958,421288.57058616873,0
839,0.9154162014667034,0.6926259522261645,0,1585009.74468209,33764.99439643997,1
340,0.7619343757430971,0.8381152896481102,1,2460188.615717861,342017.8901552878,1
801,0.5051155557440064,0.9446142194740232,1,1610460.5757347404,185311.43284331693,1
444,0.9883705667215711,0.6832480282896458,0,969367.0131557788,107439.94721035505,1
500,0.4652775312759233,0.4971747640084273,0,1554253.0499521187,957153.2295504563,0
760,0.05823783082027523,0.6178472402012138,1,4874772.321323073,603366.127791744,0
857,0.2622743218149849,0.8689049844787182,2,2061455.9508042946,731369.7213942367,0
846,0.4360704802193126,0.5706097466388297,0,2229116.7565230955,322210.1058334563,0
552,0.1569026241461201,0.03038705969683686,1,2886959.4998561884,399215.658199075,0
689,0.947565126324043,0.9309486955069778,0,4916870.434386991,244554.75395775624,1
893,0.7668488978177731,0.6895267510315611,0,1215590.3694144574,105996.0142557705,0
555,0.26828720042777265,0.6765133857772465,0,3409597.731556845,187241.32106716794,0
749,0.5908045335179158,0.21567515239771717,2,3582763.620773203,799538.904843521,0
309,0.721449157109572,0.6588854702326572,1,3040548.839797399,680770.3471319381,0
541,0.941278928906798,0.3938644056541585,1,452005.91478685394,551459.5872256221,1
550,0.8816353491754106,0.6512329770414921,1,3387592.6563796066,480338.9741381004,1
304,0.5151922261382137,0.10659303030799072,1,329832.6080705156,923209.9408195632,0
418,0.7746526197930176,0.657845304603036,0,2984751.8212539856,82007.59830088171,1
673,0.562144753827585,0.9994137257706666,1,3700510.0743364957,287794.8051055368,1
364,0.5527038900455401,0.04821203886055603,0,1062739.7541935525,356438.47503500694,0
445,0.1147419583381919,0.9771741842213173,1,4209693.817638443,784601.55409066,0
523,0.12613765801615207,0.4069079607228706,0,161465.48960969129,992589.4739603517,0
538,0.5295336150224574,0.8707534503372591,3,4220626.189654947,248263.80960958154,1
476,0.2688615449790066,0.7823854840582735,0,2307041.9627073975,875564.2607957098,1
581,0.02103690246046863,0.5670162609866678,1,1095763.820258906,832316.5328274734,0
362,0.7228392039002123,0.7384492092513265,0,677552.9435199003,232410.82366534896,1
516,0.03248659669016496,0.8785155613013479,2,4767002.766236039,405339.25439723034,0
760,0.5952768411040545,0.404140321651033,0,372601.282029972,415576.1405995939,0
404,0.5391937941273144,0.3270331615632387,0,1003476.1654802691,978438.4618412927,0
398,0.9688146905778044,0.6675933855635847,1,1745633.5136908994,189082.98236510935,1
810,0.48421313934764165,0.8078459419412586,2,3104971.896315991,801166.3913937343,0
684,0.06360143637779736,0.7622851347766157,0,2728557.4155277307,340850.78703137883,0
704,0.5516879678064617,0.7978136488586345,0,636961.0271374468,733561.6423183988,0
817,0.8410961706161014,0.435583314812933,3,1455742.638853691,425810.8942527062,0
775,0.9968492842814399,0.8178342161750216,0,1201371.3377192602,582576.1654853746,0
736,0.4303431736890725,0.12020905537060844,3,1075578.8439068035,834285.6555928699,0
322,0.3202987424967425,0.5444890979608495,2,2061610.2390351354,806123.9093340453,0
864,0.9066532969519989,0.0057586604981215705,1,3523116.9484323678,867758.9517043032,0
757,0.19124212907612137,0.3245858299002703,1,1095090.1317640073,69021.15209121243,0
382,0.6154289150329266,0.3664615348713979,2,1839727.609717877,695130.0475093474,0
444,0.4057144241809477,0.3961726916092554,1,1960677.9599373997,148587.50295454523,0
384,0.041082364955555284,0.6954672066898622,2,4882518.081882697,421660.3823382269,0
377,0.34728847430569776,0.38855810127034573,0,4773785.120826554,553102.5309041416,0
756,0.2652285225026746,0.44869362262253065,1,4002686.537932859,408712.0898993624,0
300,0.6860911539434869,0.23754413087432746,2,1215878.0148877339,524415.5590449774,0
350,0.9487904976919181,0.3732517916293401,0,349506.19731743174,996561.0457106329,1
745,0.26804718737863775,0.22726962726315147,1,1591351.6472259175,143865.14057572617,0
748,0.8114659391516817,0.07319592376844364,0,1341304.801674816,678701.4848830613,0
787,0.05535981693840952,0.6034485933813779,1,2534569.7427305053,402040.95672175905,0
333,0.5381210100398132,0.6682127985550163,1,3890862.2712382874,141679.7009182555,1
647,0.07055006370989458,0.6194903460096145,1,4293031.465005501,167149.39574056643,0
394,0.9340329911306393,0.46349404380057235,0,4225871.786198437,949780.3751831608,1
371,0.7663512805573902,0.3797857801792298,2,1804781.0505031082,880805.4817446443,0
850,0.6579499112045923,0.8633336495718252,0,3439299.3738688077,907971.5408108716,1
453,0.8238963816246643,0.519081785136218,0,1571042.645645858,991617.4480691126,0
549,0.6475197955701631,0.47918187762973097,0,313918.66074356175,216232.2361084328,0
737,0.9689443971742911,0.025642065806435688,0,3510810.675358682,361884.94399042113,0
417,0.7139579478647715,0.34124782762615635,0,59039.487323241345,672526.8396256181,0
605,0.9246586095822468,0.38019561878585706,1,2051821.111417858,488964.5144620408,0
567,0.517131892010638,0.3988227808969005,2,1653602.5538173579,424205.6380445502,0
353,0.11706441298186265,0.5801723692273323,5,3469953.9172090734,364233.13684223715,0
535,0.5281777214230171,0.5336025467268785,0,3833564.9090742907,597842.8256240177,0
688,0.1268728280630933,0.6079050927934446,2,1527432.2334967062,579837.4943536812,0
700,0.592493479176405,0.7648832615421283,1,4060018.802079819,169843.2557235977,0
602,0.48249306052766294,0.8129857387160935,1,1476644.6349196194,477022.43914325465,0
506,0.6225753978327817,0.7181230762264944,1,2237168.5363329407,557937.0584477513,0
528,0.010046981054831594,0.9555236959549347,0,3637822.4498005286,574584.0693440766,0
877,0.1948404916553641,0.01823258267636163,1,3467671.943831695,218006.1209832283,0
374,0.4913304319121309,0.1957779856835461,2,4936968.676837878,744848.6783297639,0
734,0.9505035615891348,0.00756287497814212,1,1133553.5108375,34947.103872858934,0
402,0.3836090403551584,0.647474714154603,1,3314966.388562516,361283.536987731,0
721,0.42437202605363467,0.8980305489499869,1,3052312.722296129,782410.5220502772,0
605,0.7146960890066222,0.24348229657629927,1,4576341.287905249,568253.9918448483,0
397,0.603792757286118,0.9270345447963066,1,790247.0868079265,268550.80818575167,1
634,0.29892615009833323,0.06026739028956085,1,3761472.8362987954,698003.5881496172,0
734,0.4108163955674278,0.9344360268055143,0,2845660.395181154,571717.0347145126,1
746,0.21769979885723245,0.3516226872396344,1,1380582.6902416481,798281.1733618233,0
607,0.9660214591302085,0.10142082844921652,2,2377430.221594399,737674.9343279251,1
548,0.13063438155735974,0.48587175918632564,1,1675545.219378291,614006.8428158723,0
465,0.37183678456641944,0.25677656772050794,1,2900773.8799144197,493295.89855770586,0
780,0.02583897222001119,0.28487290196192283,0,4446113.047965183,141850.30441084818,0
634,0.2217794919335464,0.3072899649262866,0,2850831.8722168882,268719.6877065299,0
841,0.7804711383801549,0.8030258978326634,0,3162294.8674496543,424908.4781879144,0
405,0.20117523228887946,0.5391612766752545,0,2598551.7571024,603306.2941363248,0
862,0.0800634025289656,0.31130769915600365,3,265315.87716292473,518570.77666315174,0
380,0.4744531798445233,0.6103337833109184,0,1171964.1988117103,295302.6806999342,0
432,0.009969234734518495,0.7161506742231936,0,2465088.629866093,16399.714211813443,0
437,0.08476615442633317,0.27262400073353377,0,1558074.0658860768,501276.8296818058,0
483,0.8076258695629751,0.4135491015253515,0,917000.3528283591,292769.72867662064,1
700,0.7714733448596064,0.12188609333694755,1,2525622.881173007,737262.2177034297,0
629,0.915138820404896,0.18114934953468032,0,1620820.8693047732,33706.80261777865,0
807,0.8545154359107495,0.6811178539649828,0,1297957.1394353395,588979.533192733,1
368,0.6831755632398181,0.18143834769562694,2,2325287.2330275,942059.4951310047,1
845,0.05233285730066284,0.5251633836670602,2,675088.447830044,182665.17444038452,0
352,0.7828486179866575,0.7090462617224327,0,4639451.208046283,476932.9958430894,1
749,0.8455108108405605,0.10687692309474384,3,4339833.4686170025,100507.77189896679,0
504,0.7990821457719545,0.5673122196289035,1,3541026.722845271,629425.0931387391,1
425,0.5084790353080261,0.25656278370136376,1,540006.9996663965,555026.3637902633,0
342,0.23290183864948166,0.9629268752375798,4,3881627.499803768,413291.86897070403,0
410,0.8453299756887267,0.4835456467199247,1,4041707.0672640046,526163.2512590038,1
482,0.7271628097401385,0.8059925497751581,0,3841145.442394545,897608.9118843201,1
394,0.9807611743888516,0.5502265421562618,1,578689.7767250134,204331.35928795638,1
673,0.15569259775593292,0.043412532854819164,1,3223100.705768146,32338.86658829376,0
819,0.22566458305205506,0.6331513755940223,0,4173280.730789499,863048.23585211,0
659,0.2117981498815027,0.951403342206657,0,2890993.472086142,581345.9115640274,0
580,0.7925397676213367,0.6016118201463312,0,3235572.802388164,891751.870907224,1
494,0.18690729645011817,0.8191888594267902,2,2297233.762337268,600975.7711790409,0
494,0.0666598298233061,0.8842064633484078,0,2648249.5262214225,812059.4790601055,0
392,0.9985608065856286,0.22807977194893247,0,181540.52317510883,435376.6297215965,0
360,0.024817211445149145,0.21204483990822665,0,3198425.47964669,752361.3319753861,0
350,0.8352440601588657,0.6109809888509917,0,416421.5923268844,913911.0522209575,0
702,0.3653668415506528,0.4110284698067047,1,2180722.8257577145,576401.7340849842,0
304,0.8416154597578153,0.8398613028667203,0,1470348.937360365,188977.29905675573,1
765,0.554620491211145,0.9000231233980112,0,2731685.4715564484,276109.6388798962,1
833,0.9016312294863601,0.3534213793027181,0,675747.5142608033,206658.13112843173,0
704,0.9261929864146267,0.23687055897448206,1,3461300.575846858,254388.4573197756,0
812,0.009098181280775997,0.7805255152438618,0,3977107.569273067,313351.294857526,0
532,0.07541217599278827,0.2748060355481361,0,825138.7042183509,559582.4488856565,0
823,0.2503587295708555,0.8226143185136784,1,530522.305885892,592111.7131691944,0
645,0.6693154163635017,0.42373825364876283,0,736122.2591089222,432234.74976944254,1
345,0.888272196511506,0.6675498992914705,2,4386866.533873524,619266.5720226271,1
845,0.45994195129396276,0.09553531383466818,1,2645664.416164217,90759.17635525226,0
377,0.6069731162742654,0.623859324676573,2,2341632.3700774377,96910.35468757836,0
372,0.18849985279556114,0.4517676787372291,0,542491.9773207478,180111.16575408186,0
548,0.8049668338816853,0.5866084631754741,1,3251284.473717239,522896.7230599413,0
346,0.9673281113534697,0.16801420774486342,2,4341317.963556498,221854.73191133043,1
420,0.26859893291459747,0.7368737449441821,0,4142647.48792403,290451.5594576516,0
513,0.4948259516005463,0.8627970775432285,1,3134012.9978141985,406309.70781126415,1
538,0.0861161105063738,0.21673980009077565,0,385640.79609185137,813747.462770276,0
355,0.5591366564629684,0.09571455552016173,0,570861.1656083047,23723.51455373152,0
649,0.5027834418466806,0.023638586046336396,1,256051.84567802513,652885.0320342561,0
406,0.1444364841550776,0.641971500443266,1,1294821.2902974219,672187.7657302785,0
347,0.44206621311807504,0.6070940360887808,0,686950.721130285,800669.2225530702,1
872,0.33410465208656326,0.54669741271407,1,1307639.7208596452,933425.4096697101,0
636,0.5218308753051893,0.23194709611597542,0,1931439.6980376188,29936.47045979693,0
325,0.5856543354287992,0.39090599590551467,1,4715484.092514967,162245.86845808403,0
556,0.008495578607209509,0.594476335186173,1,3055776.5383106433,887309.5811154331,0
307,0.7610059829495553,0.4967668588591694,2,4176519.190557982,463933.3765651452,0
552,0.7130142918617408,0.9877855202148873,0,3554653.9885545378,568944.7325441289,1
602,0.3662863862065222,0.13643975255673313,2,571390.6213278924,666396.9316859159,0
355,0.05293593556881826,0.6951445540475938,2,3682242.827806005,682275.938450681,0
825,0.7549325397850504,0.4043187681042921,0,1382743.4189800308,932422.9992833431,0
773,0.9551751604781324,0.42819961492561476,1,3199148.1565035847,996979.923237553,0
327,0.2401515960220142,0.7175977656581762,0,1711400.2484785127,722955.8863216308,0
377,0.3235246137370379,0.6924361513243696,2,4988384.59369065,294348.9971130993,0
515,0.18381288948181496,0.9912559937021883,0,1325121.8826889214,880954.8782714001,0
685,0.5769361233448397,0.12839428945412523,1,1402861.0491636056,58728.70539535399,0
664,0.15484139464745494,0.10410964938416634,1,4654054.555256368,238770.04434575123,0
825,0.35619394346137945,0.7243388171287412,0,132975.57913525013,898411.8602890777,0
611,0.697013013934263,0.5783869170064091,1,3486478.0494872523,263629.59929496143,0
306,0.5601159830093484,0.27416066655980587,2,3629378.6897720317,228444.54902553099,0
302,0.38646256432793524,0.0794193689889866,1,4183529.1012778925,146744.04020884476,0
662,0.4202496018075419,0.08565824959643054,1,4872452.160085992,860520.6400704473,0
807,0.5621108826232295,0.8941908746641183,2,4878253.576591696,505057.67659917584,0
573,0.005864727887161303,0.1918673247187429,0,335731.0202566548,678144.2710236133,0
805,0.07850986845360985,0.32337156211552076,0,4110978.2205369836,246675.72023427938,0
314,0.8812580677630116,0.22665640222698802,0,3235086.5689503327,760460.0168011043,0
491,0.07787898909129076,0.3549963058319373,1,3240237.250521725,762405.4895124775,0
784,0.7068035962105051,0.06942384274609337,1,650466.133807327,319472.0446592171,0
327,0.9200381641090526,0.5190597909082704,2,3254433.96056381,416575.80668018,1
338,0.2706836043017311,0.0676125635922149,0,4912588.0772002265,217593.37465589884,0
572,0.37049143705951426,0.8003565078223616,0,4559974.66200184,976795.4130896752,1
530,0.5689214058447163,0.23371208191043302,1,2201261.9974162043,649146.5512878275,0
385,0.8817089696385847,0.5400119146045106,0,209340.38669761075,935198.4419083603,1
773,0.9419055872604202,0.8800790875614583,2,1817844.515101022,310351.68819284183,1
425,0.7395632481112681,0.6508773690471942,0,4133687.6548867705,784072.0038669208,0
836,0.08661976085469403,0.5329577865513353,2,3510480.5163111784,768200.0574458946,0
444,0.6691541555348508,0.3243337531153756,2,2302124.8414138425,694739.0953478761,1
824,0.41030372187266206,0.33300191305819793,0,284956.66044256714,965982.5855141324,0
511,0.4707009994910616,0.6694869551981901,2,2140204.6918382803,399619.78274525236,1
324,0.04914839034517704,0.9941393612211675,0,2350434.4491922385,139410.1503538597,0
879,0.19106213934635818,0.6618391898493786,0,4643492.109141738,674991.7706516201,0
693,0.7905136075336477,0.5577834173700249,4,3209019.6568749757,732016.7024724341,1
366,0.4539588330478598,0.7306505102392461,2,1565148.054106698,579309.9677242265,0
532,0.30166224163114885,0.46520561228371815,1,2631338.1396091,214749.7142020623,0
408,0.38401907396495816,0.060142342600785215,1,339615.98603257874,509411.3822526618,0
445,0.8543995133256802,0.5622968158779098,0,4863115.495892187,319067.83920343814,0
410,0.7489990174049569,0.9576252845053802,0,1806698.9106343228,433191.8628850222,1
527,0.2723153971810828,0.17530294235765964,0,2394558.1010165475,648766.3900862173,0
410,0.11750184021237331,0.6900048908206657,0,1782867.0314422438,747762.5952639262,1
769,0.2519982216440717,0.20093368865905648,0,3415733.5332798385,239902.4439923297,0
333,0.9207564510547337,0.5358276844730813,2,3314538.4700646694,411272.1070404838,0
668,0.5815888378497553,0.09667644964671962,0,3579458.329540387,276469.9552817129,0
894,0.5334802087447829,0.45037093625818514,0,1348034.715763485,206645.29772325043,0
853,0.5963935996924615,0.7561633288952461,1,1585185.7210086891,785553.34779588,0
724,0.36602826574651526,0.3475715242389821,3,635003.6431700777,910160.1674926225,0
817,0.8071070203195128,0.664911724487218,1,3280994.7595121018,376529.86382773094,0
581,0.5232862493002498,0.7954499607897292,2,208587.6654049062,753766.1351300292,0
619,0.11674790276879554,0.9271778194794527,0,2992434.854262061,898025.3364707669,0
742,0.12906512482906296,0.23464208185545354,0,4349782.465409653,847662.9684249293,0
614,0.5368591465026183,0.39931591580930814,1,4455252.419965271,190985.25465383366,0
676,0.9365702180708392,0.15241601333041743,1,2250698.4242461086,956728.9626982277,0
588,0.30835212167619874,0.9924835021583752,3,2301925.4041832383,382909.67602516786,0
736,0.8695411688592183,0.9270009679242953,0,394076.2232100066,345848.25456209795,1
576,0.7640955865788793,0.5399571302805596,0,3357117.4769607484,71807.01400500254,0
881,0.24781244290690685,0.8420332943764213,1,4108084.507660499,491311.91756383417,0
802,0.036340748316242455,0.5209579772720422,1,1230828.722477518,117923.47948451943,0
815,0.10184726514238274,0.6235856880027597,0,2112291.3993504895,256054.42271815173,0
649,0.7284939338474402,0.08912443211601662,0,4195808.290458699,323773.19554960856,0
745,0.1996697380406467,0.7552704204968079,1,4386831.133634817,810738.0602567672,0
649,0.3712709205053938,0.12771348363523483,1,1223468.1015184873,876733.7638919376,0
436,0.5016991660064248,0.8260676302525284,1,2757347.4663614077,309441.65428685496,1
542,0.7254681684501628,0.7820280876703859,2,970540.8216727771,860111.1400321282,1
842,0.11323122325912538,0.7087446977429764,4,518375.03305638715,858658.6279960931,0
339,0.4063664052774615,0.036160380524762115,1,4556491.301945868,767004.4408810248,0
528,0.4850729091426954,0.3031283559453286,0,4104332.446118225,155228.16287502972,0
847,0.5408270639715397,0.26311256991084286,1,3802574.1599978376,693419.6184317217,0
522,0.8183606413952167,0.3601364074715191,4,253343.9308775707,945573.8239347631,0
305,0.1716781950432169,0.08764274676383854,0,4220206.675624184,685715.0739794855,0
621,0.8078314518266223,0.9369578230310628,1,2195839.938767865,338300.6806167556,1
767,0.6928784276966522,0.5538022407123763,0,1718551.6652463395,505573.52425652294,0
374,0.5558708141989593,0.30552431065802355,0,2736917.0415166286,649267.7929175431,0
303,0.6995278704025719,0.3969815170742834,2,465852.6811905436,515464.70464121853,0
417,0.4120177389516564,0.44720254050483565,1,3785666.28126847,128753.41231366013,0
803,0.13839758596812457,0.6005943333606173,0,2916351.0336725963,318943.40420550044,0
873,0.6657652402653673,0.5156794276964978,2,941084.5833971059,804372.0702480961,0
740,0.5246723066856223,0.9193919732144173,0,949278.6768475375,862803.8656345622,1
493,0.6393748005427755,0.49696348290583026,2,929400.7713476444,145927.03238841452,0
691,0.33799878102849,0.9921580148233127,2,294441.91388415056,952862.8848747374,0
325,0.9068665773398359,0.8514249577450957,3,2943114.262364707,335534.39167012327,1
734,0.5873698685755769,0.2085105143573358,1,4203337.406166656,665690.6013434128,0
472,0.08540248429087383,0.9305952146439163,0,97316.0877970691,754306.8944971144,0
599,0.44980399070442867,0.11636639788547609,3,254533.178406655,813826.7722915045,0
625,0.7563560547436343,0.8174497084911916,1,2868123.6806678595,946292.2052036708,0
709,0.7941345617322724,0.3806232934765801,4,4099283.4700764013,319790.3525485344,0
417,0.49459705276375876,0.8779743204450695,1,1640427.0639374815,859921.390006039,0
524,0.8947475708313011,0.8680566901074503,1,1754575.8500505337,140370.03440184495,1
831,0.26766843719429756,0.8059254001176211,1,2985769.022508912,707990.4972900568,0
412,0.4105986972382666,0.7900304363070614,1,1378322.3167294934,744557.9522188461,0
439,0.8985969105689701,0.3046791390980408,1,142775.74672764383,680946.0087893072,1
858,0.8962567164715789,0.08091928305125218,2,3678790.3053269642,259791.58877380146,0
300,0.6857127688246809,0.40298017876516146,0,3131993.065577851,874312.7155450514,0
389,0.8589805471222202,0.17352451498650867,2,2907972.435287739,177169.87873669105,0
619,0.08877326695623267,0.6949510889024617,1,3711003.8036691975,63098.44360562253,0
849,0.8649949762077763,0.34609972653778553,2,3379401.879434567,720290.340705793,1
438,0.32061990655022676,0.9756102008599149,0,1037351.1210098226,480720.95808040636,1
810,0.17833151242821632,0.640972077345332,2,1768880.4242473221,850607.0397590894,0
558,0.23936983634204634,0.822480563634361,3,639289.6069763388,389563.16964767635,0
309,0.4179685080138871,0.13252467274184843,1,657986.4969552263,176595.8026226357,0
560,0.2511920046044672,0.8620144822726226,0,3384216.774319131,838077.770545171,0
471,0.32056758601649904,0.9227571905133943,1,4294414.533842666,553420.535323671,0
312,0.1349784860716421,0.4870619188189359,2,4814035.593467084,197303.83446645134,0
467,0.2961767655589985,0.6062529377509774,0,3145452.1165717277,723180.1586005813,0
895,0.5722838145420012,0.7648098009029954,0,928665.6035711752,516002.50210460555,0
620,0.44185370809106395,0.17483862726041255,0,537195.2237901642,608269.8524179166,0
618,0.34671876123591117,0.5025660764634424,1,4066126.3479684214,466289.35482451605,0
628,0.746452128857114,0.3986630277723131,3,2897994.8170363964,830421.8939798264,1
849,0.8935099713933179,0.1463739921622491,0,3095242.254858462,831267.0885262194,0
718,0.756789222902397,0.36753442229153144,2,3909495.822885999,712294.9336061424,0
394,0.3320007021176792,0.06817230938549357,1,3519353.3663849337,114347.36362249765,0
880,0.7444421678375537,0.025811906949486985,2,4173946.6817519222,840465.3232850282,0
617,0.1519801824740512,0.13516628915482276,3,290507.3882447936,674302.8507275807,0
535,0.13031798809129091,0.9631151115891738,1,3740127.977365059,700053.9243442565,0
633,0.34562703703615894,0.549529535895017,0,4255755.259037256,369353.01199983293,0
675,0.807702369044057,0.96582216115322,0,1437813.8618669885,880486.7605954367,1
758,0.24634824724230187,0.432497878330132,4,3205831.8972263318,728117.884232509,0
436,0.06325340889867959,0.3118161330852596,1,1577668.6985464909,121464.56186390252,0
887,0.1317095352063551,0.5061418628402441,0,4790275.621747445,413700.25406210107,0
846,0.8587449685295802,0.4395116886329101,0,176783.62645316374,887516.5583405403,0
812,0.6337832847472876,0.10566468426174391,1,2903166.2907264456,56724.73468040521,0
595,0.25320116336997667,0.6408263146902062,0,840852.6997770803,961802.453445629,0
619,0.5552958253281813,0.2160381825095996,0,3563978.8238340216,682370.9426363672,0
871,0.5275796224253504,0.6195879548978296,0,887692.5142591238,635062.2178669429,0
648,0.6554359784406613,0.6502010923981534,3,1184562.4768728043,277853.66392311145,0
528,0.23318755442161632,0.1520248531286481,0,2476910.347118333,256303.8708517853,0
569,0.8644029871943977,0.06134962711066816,1,4575026.400484421,942637.6372937096,0
590,0.30936856208001284,0.7807615860684398,0,1066454.7170183745,305289.7296917815,1
464,0.6941316539762369,0.4598004237693202,0,729757.7053793366,777750.2437518094,0
304,0.01612464637221489,0.05816379550547579,0,3797294.390951613,399190.58022500837,0
678,0.37265712989414723,0.9948663171697671,0,2508091.4663463156,147861.53007685693,1
377,0.3517098179588083,0.05778056099636664,0,4559807.71078504,20608.14471840536,0
709,0.5434844285830145,0.6950352288585532,1,741606.640227613,548814.7636450983,0
873,0.0727362617771965,0.9836789252634136,0,3233180.186184966,976021.0303634433,0
431,0.7901313737261083,0.23918010421592562,1,1172066.939297557,375444.83187111246,0
341,0.21778080176756853,0.14224936868719618,0,792234.5389716801,363620.4106531144,0
388,0.6770378148820102,0.1213849394224289,1,3420312.7816347796,350650.70167094766,0
701,0.8032121232440932,0.30327514756759555,0,2972486.2533445787,525338.3989318098,0
595,0.5618769562415131,0.10104581101064669,1,3776589.017228033,446258.2345900506,0
594,0.7408832067219855,0.6921613416941319,2,1554218.25646645,881115.4804597443,0
825,0.6618603122150055,0.06229179813006269,1,2245378.5653471276,510465.58380625537,0
721,0.3555297971520076,0.5094221281497897,0,2033303.6648887882,512680.2598066831,0
322,0.8088585390335653,0.9966968538529768,1,4920606.425192906,146987.87877335103,1
874,0.294701369885528,0.8139702695060188,1,1468322.2941295456,982912.1455012821,0
442,0.5712129177515172,0.6152194382310109,1,1481138.0193503667,257473.16196014138,1
444,0.7453977391415395,0.30625362078661167,1,1779195.5620547507,82630.42678500664,0
524,0.3789559098125076,0.6238958362916385,1,2827324.465638704,666514.7864854567,0
802,0.30276760761742505,0.5270414639116516,2,1269090.4938760886,599412.7064553039,0
403,0.4593460101728227,0.4260833838903715,2,4577296.802492577,420994.1974528183,0
338,0.8179634943491536,0.13071037674019947,4,1335770.968682655,427970.3115418713,0
497,0.9299217631456648,0.8866042152404667,0,4480120.500485372,787213.2818359669,1
878,0.5450834128598901,0.4497846488213225,1,526340.5675964574,203755.51369865256,0
690,0.6614662053236519,0.19462251182076507,1,3286247.884974265,822050.7857554408,0
478,0.9032736222389142,0.3677593508772896,1,4535857.737006837,652259.642756068,0
853,0.0985468514129424,0.41412975252892703,1,852059.6976071653,424780.07604172913,0
747,0.23207857786616504,0.8275378955668743,0,4841951.5308952825,463448.3304180299,0
799,0.7089000062515824,0.733614380561402,1,2269887.9684734032,264080.73511423485,0
314,0.8237444619122997,0.7693048936413398,0,4729118.391120712,754593.189370005,1
588,0.8570290283305779,0.011031264428647214,0,3387332.0177139346,517745.99488221505,0
777,0.4151071768549326,0.4161539981797615,1,1514918.4806690223,327645.99732234515,0
530,0.08933990229186684,0.4813441516353236,1,949629.599336361,600089.6146033407,0
719,0.4377814772996199,0.019192276823056686,1,1525637.880663246,995777.1075308098,0
456,0.23073459020705378,0.2598132087450342,0,474156.87222074816,440909.6568599883,0
849,0.29119645499662417,0.760289823122135,1,727901.1520532155,921484.4867708334,1
740,0.7722675568375058,0.13710970572899905,1,532255.5973289409,351566.67152532045,0
396,0.07552708602588687,0.5353101314525917,1,2120488.283270373,64185.37985573603,0
710,0.8275812174807021,0.2152018720172375,0,3979936.0975253563,212199.68530474458,0
588,0.42766908582416907,0.012120774643893273,0,715503.9355395376,424508.1918944074,0
553,0.5960639311005951,0.24120145759954148,0,660298.9615299561,227438.57930862333,0
495,0.089652231235679,0.9758737549100538,1,3220710.4580914807,10224.767836072982,0
897,0.33735907835727963,0.8015371118829896,3,993943.0800206508,915851.522370052,0
821,0.08970091901484578,0.9595766443210334,1,497074.0901638681,845440.6171186197,0
816,0.9615437228811096,0.48785404392636245,0,842574.4052458324,744869.3091720777,1
417,0.8072616493262504,0.1097361986775035,0,4619419.6654251125,176136.44968956834,0
458,0.4596327543564602,0.547959488973693,3,4109141.551353192,129159.9404478862,0
527,0.2236025483236711,0.4543773345599609,1,1776782.1661519196,76928.70197765932,0
515,0.9334551052498522,0.844357082739616,0,3282545.6289636903,726788.896885192,1
314,0.34459659572697177,0.09808258078424459,1,2691005.61160351,929519.8810810065,0
456,0.16098443168737475,0.4882411370217782,0,3388850.074777994,436230.46270390664,0
560,0.5631643884539549,0.15004866469398426,0,3416529.050789169,127949.26527608768,0
456,0.9437741203448161,0.32467592689006,3,3147382.735149365,517268.8925247855,1
346,0.003830290500322575,0.7373570773877997,0,1337845.82900117,355343.58838404383,0
623,0.23812484325399874,0.47601812936876653,1,204642.03960646247,381076.6751064977,0
429,0.9384476404104076,0.37588828514576933,0,2283278.2421306428,625117.3179141502,1
710,0.17108596685716204,0.3944762785700353,2,4455959.684606612,721530.9321295803,0
394,0.11324345163981986,0.45944676840598664,0,2851791.320007694,119497.56288442924,0
591,0.5701872157998045,0.7850165438370569,0,4163631.2980925203,45234.328498411625,0
582,0.8618438232948299,0.8920846889402344,0,4958205.471376528,994386.9996588577,1
368,0.47710981769392613,0.9553346865039283,2,826444.8586499986,240401.06542639632,1
310,0.9945642566845248,0.7869033862552951,1,3461970.4193184916,63292.21965937449,1
553,0.6791716995379928,0.31540689574801273,1,3374724.932763123,197976.57580496077,0
849,0.07407490721044774,0.6881347060865421,3,4899977.682317809,48568.26788497958,0
433,0.9928321316819754,0.4376031240553919,1,4928147.662424474,397892.78567099996,1
322,0.40789423678019043,0.2546706220460512,0,3436526.2725034063,804377.766606811,0
645,0.28740253384548253,0.8408715794259226,0,1225637.8119911493,347832.0052601434,0
601,0.5578791835778856,0.038426348962324997,0,3994793.6322716894,449741.57280958287,0
662,0.3043075918208643,0.9017619921354235,1,544075.3797130801,678830.9058317645,0
695,0.08645750712015232,0.46147746462473416,2,3905689.5278164274,513805.1293691814,0
517,0.0014283430791767193,0.6372014768082804,0,4551878.659482035,862831.2291611109,0
440,0.4495833529202623,0.6593539222057827,0,1920338.639894492,867375.318295299,1
509,0.8368634222265923,0.8951177407065364,1,3156870.1219655713,19811.588536242107,1
759,0.5723151856300766,0.6366696821672073,1,2156412.233163163,780265.8434183672,0
655,0.9992072989434408,0.6139335847600618,0,2194447.624390761,466126.26423925714,0
623,0.28684664564719997,0.06665204056068996,1,1558750.736649519,988952.1358906265,0
432,0.28045506476005533,0.5184080219452041,0,3813026.8060471197,488399.7551166808,0
426,0.1597494602339442,0.15016900081704165,1,4681521.055190861,987026.9859344146,0
405,0.16406358826533518,0.7374337687214856,1,4704346.787579961,757023.6675936793,0
677,0.2851865960100478,0.5122219208126745,0,882158.6115259198,256118.83576717327,0
350,0.7928400452735271,0.6802277792083533,1,4374970.811786264,543011.0294940881,1
328,0.9057567906364479,0.041672900602384266,1,3689782.8927213396,992214.283083797,0
761,0.9750871697076813,0.08479201604580322,0,1271658.6294445435,858955.3016744044,1
595,0.23228965409645264,0.7163233880626823,1,345750.2184783576,106393.22485330889,0
596,0.8812975456140917,0.07208433599867337,2,1347306.361753046,709308.2768418961,0
706,0.32825508927733704,0.0712567277652586,1,4561919.101539813,352123.7900121049,0
704,0.11284054451688441,0.01210847523488745,0,3169561.587729904,16912.439261544634,0
645,0.8700249255201656,0.9565013982994801,2,3608062.7578803804,409446.1593367296,1
719,0.6361056346436186,0.737508359459007,0,1293190.2320343882,242406.87750772157,0
481,0.16473089608106173,0.35325140850206416,0,3599746.8963183532,820680.5778152668,0
300,0.42983125751300255,0.2965355812876552,0,150326.31632683956,343957.3027573078,0
866,0.28725769487706765,0.34970322974584955,3,1882853.5154073387,829248.4570142789,0
670,0.736794568710197,0.7746535311811819,2,3137499.209226233,10591.959446447356,0
730,0.45341623062426806,0.6613706110704144,4,739021.8620511879,314740.95852585795,0
608,0.989279945106385,0.18519556786746794,0,4116787.836490204,248753.56216468432,0
436,0.05474498225959512,0.17410933533408435,1,1182806.181071474,241231.68745792488,0
501,0.3550152661362467,0.09839564971339732,2,3264882.752964047,77504.75356780807,0
735,0.4819001671099774,0.6603027197013381,1,2031933.741450895,195253.0277063967,0
612,0.5031335547483198,0.7643726622217359,0,2984257.5414334596,559994.0741867637,0
416,0.3159358223856368,0.265046428325004,0,546178.2576182515,298447.462109367,0
874,0.729240249097568,0.020944961030912812,1,94394.87160882055,423220.83450585644,0
543,0.8747470734889747,0.08217166747642735,0,4548726.492627703,383098.2115437166,0
836,0.938719301977863,0.9678600348450305,2,1355453.743748242,877145.8757498956,1
374,0.8050933767995262,0.29544477747742026,1,4100188.2438744907,906246.0090204104,0
685,0.8505801973065994,0.7692231478381336,0,4996757.999356279,498027.40193930146,1
509,0.5505453006199955,0.6246635688542638,0,1065041.9774145668,336854.39081244834,0
774,0.8258882264268146,0.3819396396528959,0,1333201.9985049444,115732.69696234,0
717,0.3035039091479522,0.2056872621955551,1,3317670.340296982,953868.8505882741,0
646,0.3984787621092144,0.12138641815940643,2,4827588.6866571,69624.67545129448,0
828,0.3169130138185443,0.6150129680388666,0,4579913.597471812,304673.77479259763,0
478,0.46738733544792543,0.774633780637788,1,2519348.8451272687,305085.5391583041,0
481,0.28557961623863637,0.6439042535411307,2,3977600.309808356,327197.27327881276,0
324,0.9616114422544468,0.5303021332491583,3,687371.8069685063,172643.9748396852,0
479,0.31284462800566815,0.041951223431636264,0,4887416.539178021,785329.8166144602,0
800,0.09804453811093983,0.9684887775943838,0,4822122.6378395725,131272.88334632933,0
460,0.5268171660504134,0.7987141916545746,1,827007.4998170631,638557.5925616311,0
476,0.057099078445176366,0.29282203670096474,1,1504121.392767502,132607.56643875927,0
584,0.11054316630858052,0.9799703293588506,2,509773.437558767,79830.28121702699,0
362,0.2193893891962463,0.6018815896363221,1,1365870.8185019167,910335.2086490177,0
455,0.4643502498821417,0.5824226582072465,0,4081619.389181881,198227.47865551861,0
768,0.4332509323090279,0.7480731794295321,0,1897794.8797546448,823037.6530141073,1
348,0.7996918620027912,0.8117697880901376,0,451100.8660623243,549184.5623960644,1
383,0.7394746538841134,0.6564786073315027,1,1717705.3686467337,87077.95441268191,0
660,0.4263182939907013,0.12809574636620003,0,4907102.837863987,955893.7095236868,0
447,0.3337042075756299,0.3382675059944984,2,3152121.1403434225,254491.5553219736,0
641,0.3164687840614986,0.9280836403260497,1,2086643.1225667272,861048.8918990805,0
775,0.773995087294009,0.22461561184385193,1,841027.1823513773,177121.90572671854,0
362,0.05207240622126974,0.3721670238375133,0,4931022.218445637,855403.4533204343,0
659,0.012821649510605826,0.432076882944196,0,4106036.5562230125,23096.524776241044,0
860,0.795544391926648,0.4394049896944522,2,1414571.7392300877,516662.6520037859,0
626,0.4771463759890493,0.6129395824945255,4,359642.7916487354,771748.1536273413,0
440,0.13088113855357597,0.9430758377447076,2,292561.5313140146,935447.5623178555,0
514,0.23556593459450126,0.24069271183250496,0,610686.9660326138,910110.1148444222,0
734,0.9325039530973825,0.12150137630091806,0,2908035.232235964,821428.6208521684,0
617,0.859502975624898,0.19747048985993731,2,4644529.471815407,889309.436164691,0
331,0.7097850502239725,0.8869249002092695,1,2488749.7057498624,207227.48897870575,1
584,0.48222523033732656,0.645810812655206,0,4216297.957456424,291342.4527546115,0
604,0.5203236261913857,0.28590678923916013,1,2234974.233100441,296078.83967184793,0
728,0.9752445352839586,0.8159469389686173,0,3545831.893381448,383283.3916916818,0
776,0.9657704438842871,0.861369996363436,2,3662044.959059639,399387.4636813368,1
585,0.21526904578583428,0.846514338690278,1,878078.8924576598,549109.7714081288,0
443,0.8111045663053181,0.9189265336395545,0,1812468.1342893008,168280.96573277697,1
723,0.1972426661670168,0.2522410201733616,0,3190137.7611247394,694334.1971481295,0
318,0.2135374778839514,0.7550419287462783,1,362776.07483998727,175890.8739114614,1
317,0.6760930341645768,0.46053949727414,3,1814085.5369371534,317205.39728350204,1
889,0.4050010985875484,0.8419985528900615,2,2678649.3367431504,508311.6793000925,0
670,0.9315444071065202,0.7284906771616132,0,4981160.220292747,798476.1559082426,1
474,0.08900973489600883,0.7764474464997246,0,2377922.4774859794,742074.54090634,0
493,0.511525640809493,0.6561618376810715,1,4082123.218000475,649079.012846417,0
801,0.9185215304431212,0.17742876946970687,0,2166015.7524824226,164215.52797436845,0
412,0.9041136604795051,0.5450269188969383,1,3983989.7058723476,551574.8921594219,1
413,0.15652921341574122,0.9846697395245082,1,2981119.860084341,96572.03678188659,0
521,0.36663770009645646,0.9373880664971189,2,4434111.253096968,383589.54502868425,1
563,0.6191214000466962,0.04317373579701167,0,2060603.3362270484,419381.36498705955,0
354,0.15939488477140218,0.16481481572943713,0,3025479.0549091795,49413.32505129629,0
757,0.9680221720457387,0.1317287734545619,1,3153793.2162879487,281248.2184752721,0
461,0.9147493287276603,0.7259799099852955,0,2092740.8795843618,956092.9725938245,1
679,0.16695017903446918,0.8177853298569451,0,730117.0980005327,954096.2817513926,0
386,0.12115546126098542,0.2135113663106719,1,476861.4404925544,358803.7837100139,0
354,0.0854084828082653,0.505852692951829,1,93191.03749216917,52669.10785884081,0
775,0.9094436640366311,0.8407030280112,1,4368935.978583621,187303.98993489973,1
477,0.1936238097954608,0.7328015447662506,1,1190009.8120710857,398295.6154992047,0
690,0.4162849285443547,0.5422372054918483,1,1065418.6789160226,948301.9009895375,0
648,0.448851365652003,0.5903476904587729,1,3682816.648126067,149787.07290181308,0
307,0.5990110442135675,0.50836054691628,2,1606880.4043060848,765880.6852315301,0
612,0.07173534374742496,0.2975484513188206,0,2535163.0151350647,117595.71398094516,0
742,0.22675861740051595,0.5650219928590161,1,820930.2158343069,981445.0016173641,0
627,0.931490386918926,0.6888853020500907,0,4799131.150095226,387800.33411804365,1
353,0.9084101072685695,0.8733229158608077,2,4259391.186086015,777482.1935100654,1
538,0.7812906474056922,0.6362913539792481,1,4320310.218595366,349165.1719830205,1
528,0.019401245618215435,0.761121537043158,1,2039801.005374306,631392.1883872206,0
878,0.3270067684961021,0.160071634954573,3,3814182.456398792,200095.92389263638,0
350,0.6279587353429078,0.4615574744197899,0,727942.015395003,154560.8091039929,0
